Timestamp,GPU,VRAM,GPU Fan
2025-04-17T00:22:21,2,1.65,0
2025-04-17T00:22:21,6,0.09,0
2025-04-17T00:22:21,1,1.64,0
2025-04-17T00:22:21,6,1.60,0
2025-04-17T00:22:22,1,1.64,0
2025-04-17T00:22:22,0,0.02,0
2025-04-17T00:22:22,0,0.02,0
2025-04-17T00:22:22,0,0.02,0
2025-04-17T00:22:23,0,0.02,0
2025-04-17T00:22:23,0,0.02,0
2025-04-17T00:22:23,0,0.02,0
2025-04-17T00:22:23,0,0.02,0
2025-04-17T00:22:24,0,0.02,0
2025-04-17T00:22:24,0,0.02,0
2025-04-17T00:22:24,0,0.02,0
2025-04-17T00:22:24,0,0.02,0
2025-04-17T00:22:25,0,0.02,0
2025-04-17T00:22:25,0,0.02,0
2025-04-17T00:22:25,0,0.02,0
2025-04-17T00:22:25,0,0.02,0
2025-04-17T00:22:26,0,0.02,0
2025-04-17T00:22:26,0,0.02,0
2025-04-17T00:22:26,0,0.02,0
2025-04-17T00:22:26,0,0.02,0
2025-04-17T00:22:27,0,0.02,0
2025-04-17T00:22:27,0,0.02,0
2025-04-17T00:22:27,0,0.02,0
2025-04-17T00:22:27,0,0.02,0
2025-04-17T00:22:28,0,0.02,0
2025-04-17T00:22:28,0,0.02,0
2025-04-17T00:22:28,0,0.02,0
2025-04-17T00:22:28,0,0.02,0
2025-04-17T00:22:29,0,0.02,0
2025-04-17T00:22:29,0,0.02,0
2025-04-17T00:22:29,0,0.02,0
2025-04-17T00:22:29,0,0.02,0
2025-04-17T00:22:30,0,0.02,0
2025-04-17T00:22:30,0,0.02,0
2025-04-17T00:22:30,0,0.02,0
2025-04-17T00:22:30,0,0.02,0
2025-04-17T00:22:31,0,0.02,0
2025-04-17T00:22:31,0,0.02,0
2025-04-17T00:22:31,0,0.02,0
2025-04-17T00:22:31,0,0.02,0
2025-04-17T00:22:32,0,0.02,0
2025-04-17T00:22:32,0,0.02,0
2025-04-17T00:22:32,0,0.02,0
2025-04-17T00:22:32,0,0.02,0
2025-04-17T00:22:33,0,0.02,0
2025-04-17T00:22:33,0,0.02,0
2025-04-17T00:22:33,0,0.02,0
2025-04-17T00:22:33,0,0.02,0
2025-04-17T00:22:34,0,0.02,0
2025-04-17T00:22:34,0,0.02,0
2025-04-17T00:22:34,0,0.02,0
2025-04-17T00:22:34,0,0.02,0
2025-04-17T00:22:35,0,0.02,0
2025-04-17T00:22:35,0,0.02,0
2025-04-17T00:22:35,0,0.02,0
2025-04-17T00:22:35,0,0.02,0
2025-04-17T00:22:36,0,0.02,0
2025-04-17T00:22:36,0,0.02,0
2025-04-17T00:22:36,0,0.02,0
2025-04-17T00:22:36,0,0.02,0
2025-04-17T00:22:37,0,1.60,0
2025-04-17T00:22:37,0,1.60,0
2025-04-17T00:22:37,0,1.60,0
2025-04-17T00:22:37,0,1.60,0
2025-04-17T00:22:38,0,1.60,0
2025-04-17T00:22:38,0,1.60,0
2025-04-17T00:22:38,0,1.60,0
2025-04-17T00:22:38,0,1.60,0
2025-04-17T00:22:39,0,1.60,0
2025-04-17T00:22:39,0,1.60,0
2025-04-17T00:22:39,0,1.60,0
2025-04-17T00:22:39,0,1.60,0
2025-04-17T00:22:39,0,1.60,0
2025-04-17T00:22:40,0,1.60,0
2025-04-17T00:22:40,0,1.60,0
2025-04-17T00:22:40,0,1.60,0
2025-04-17T00:22:40,0,1.60,0
2025-04-17T00:22:41,0,1.60,0
2025-04-17T00:22:41,0,1.60,0
2025-04-17T00:22:41,0,1.60,0
2025-04-17T00:22:41,0,1.60,0
2025-04-17T00:22:42,0,1.60,0
2025-04-17T00:22:42,0,1.60,0
2025-04-17T00:22:42,0,1.60,0
2025-04-17T00:22:42,0,1.60,0
2025-04-17T00:22:43,0,1.60,0
2025-04-17T00:22:43,0,1.60,0
2025-04-17T00:22:43,0,1.60,0
2025-04-17T00:22:43,0,1.60,0
2025-04-17T00:22:44,0,1.60,0
2025-04-17T00:22:44,0,1.60,0
2025-04-17T00:22:44,0,1.60,0
2025-04-17T00:22:44,0,1.60,0
2025-04-17T00:22:45,0,1.60,0
2025-04-17T00:22:45,0,1.60,0
2025-04-17T00:22:45,0,1.60,0
2025-04-17T00:22:45,0,1.60,0
2025-04-17T00:22:46,0,1.60,0
2025-04-17T00:22:46,0,1.60,0
2025-04-17T00:22:46,0,2.73,0
2025-04-17T00:22:46,57,3.09,0
2025-04-17T00:22:47,0,3.09,0
2025-04-17T00:22:47,0,3.09,0
2025-04-17T00:22:47,0,3.09,0
2025-04-17T00:22:47,0,3.09,0
2025-04-17T00:22:48,0,3.09,0
2025-04-17T00:22:48,48,4.06,0
2025-04-17T00:22:48,3,4.18,0
2025-04-17T00:22:48,0,4.18,0
2025-04-17T00:22:49,0,4.18,0
2025-04-17T00:22:49,0,4.18,0
2025-04-17T00:22:49,0,4.18,0
2025-04-17T00:22:49,0,4.18,0
2025-04-17T00:22:49,0,4.18,0
2025-04-17T00:22:50,0,4.18,0
2025-04-17T00:22:50,0,4.18,0
2025-04-17T00:22:50,0,4.18,0
2025-04-17T00:22:50,0,4.18,0
2025-04-17T00:22:51,99,10.87,0
2025-04-17T00:22:51,32,11.14,0
2025-04-17T00:22:51,3,11.16,0
2025-04-17T00:22:51,5,11.18,0
2025-04-17T00:22:52,15,14.04,0
2025-04-17T00:22:52,0,14.04,0
2025-04-17T00:22:52,0,14.04,0
2025-04-17T00:22:52,0,14.04,0
2025-04-17T00:22:53,0,14.04,0
2025-04-17T00:22:53,0,14.04,0
2025-04-17T00:22:53,0,14.04,0
2025-04-17T00:22:53,0,14.04,0
2025-04-17T00:22:53,0,14.04,0
2025-04-17T00:22:54,0,14.04,0
2025-04-17T00:22:54,0,14.04,0
2025-04-17T00:22:54,0,14.04,0
2025-04-17T00:22:54,0,14.04,0
2025-04-17T00:22:55,0,14.04,0
2025-04-17T00:22:55,0,14.04,0
2025-04-17T00:22:55,0,14.04,0
2025-04-17T00:22:55,0,14.04,0
2025-04-17T00:22:56,0,14.04,0
2025-04-17T00:22:56,0,14.04,0
2025-04-17T00:22:56,0,14.04,0
2025-04-17T00:22:56,0,14.04,0
2025-04-17T00:22:57,0,14.04,0
2025-04-17T00:22:57,0,14.04,0
2025-04-17T00:22:57,0,14.04,0
2025-04-17T00:22:57,0,14.04,0
2025-04-17T00:22:57,0,14.04,0
2025-04-17T00:22:58,0,14.04,0
2025-04-17T00:22:58,0,14.04,0
2025-04-17T00:22:58,0,14.04,0
2025-04-17T00:22:58,0,14.04,0
2025-04-17T00:22:59,0,14.04,0
2025-04-17T00:22:59,23,15.11,0
2025-04-17T00:22:59,77,15.11,0
2025-04-17T00:22:59,0,15.11,0
2025-04-17T00:23:00,19,15.11,0
2025-04-17T00:23:00,0,15.11,0
2025-04-17T00:23:00,95,15.11,0
2025-04-17T00:23:00,0,15.11,0
2025-04-17T00:23:01,0,15.11,0
2025-04-17T00:23:01,0,15.11,0
2025-04-17T00:23:01,0,15.11,0
2025-04-17T00:23:01,0,15.11,0
2025-04-17T00:23:02,0,15.11,0
2025-04-17T00:23:02,0,15.11,0
2025-04-17T00:23:02,0,15.11,0
2025-04-17T00:23:02,0,15.11,0
2025-04-17T00:23:03,0,15.11,0
2025-04-17T00:23:03,0,15.11,0
2025-04-17T00:23:03,0,15.11,0
2025-04-17T00:23:03,0,15.11,0
2025-04-17T00:23:04,0,15.11,0
2025-04-17T00:23:04,0,15.11,0
2025-04-17T00:23:04,0,15.11,0
2025-04-17T00:23:04,0,15.11,0
2025-04-17T00:23:05,0,15.11,0
2025-04-17T00:23:05,0,15.11,0
2025-04-17T00:23:05,0,15.11,0
2025-04-17T00:23:05,0,15.11,0
2025-04-17T00:23:06,0,15.11,0
2025-04-17T00:23:06,0,15.11,0
2025-04-17T00:23:06,0,15.11,0
2025-04-17T00:23:06,0,15.11,0
2025-04-17T00:23:07,0,15.11,0
2025-04-17T00:23:07,0,15.11,0
2025-04-17T00:23:07,0,15.11,0
2025-04-17T00:23:07,0,15.11,0
2025-04-17T00:23:08,0,15.11,0
2025-04-17T00:23:08,0,15.11,0
2025-04-17T00:23:08,0,15.11,0
2025-04-17T00:23:08,0,15.11,0
2025-04-17T00:23:09,0,15.11,0
2025-04-17T00:23:09,0,15.11,0
2025-04-17T00:23:09,0,15.11,0
2025-04-17T00:23:09,0,15.11,0
2025-04-17T00:23:10,0,15.11,0
2025-04-17T00:23:10,0,15.11,0
2025-04-17T00:23:10,0,15.11,0
2025-04-17T00:23:10,0,15.11,0
2025-04-17T00:23:11,0,15.11,0
2025-04-17T00:23:11,0,15.11,0
2025-04-17T00:23:11,0,15.11,0
2025-04-17T00:23:11,0,15.11,0
2025-04-17T00:23:11,0,15.11,0
2025-04-17T00:23:12,0,15.11,0
2025-04-17T00:23:12,0,15.11,0
2025-04-17T00:23:12,0,15.11,0
2025-04-17T00:23:12,0,15.11,0
2025-04-17T00:23:13,0,15.11,0
2025-04-17T00:23:13,0,15.11,0
2025-04-17T00:23:13,0,15.11,0
2025-04-17T00:23:13,0,15.11,0
2025-04-17T00:23:14,0,15.11,0
2025-04-17T00:23:14,0,15.11,0
2025-04-17T00:23:14,0,15.11,0
2025-04-17T00:23:14,0,15.11,0
2025-04-17T00:23:15,0,15.11,0
2025-04-17T00:23:15,0,15.11,0
2025-04-17T00:23:15,0,15.11,0
2025-04-17T00:23:15,0,15.11,0
2025-04-17T00:23:15,0,15.11,0
2025-04-17T00:23:16,0,15.11,0
2025-04-17T00:23:16,0,15.11,0
2025-04-17T00:23:16,0,15.11,0
2025-04-17T00:23:16,0,15.11,0
2025-04-17T00:23:17,0,15.11,0
2025-04-17T00:23:17,0,15.11,0
2025-04-17T00:23:17,0,15.11,0
2025-04-17T00:23:18,0,15.11,0
2025-04-17T00:23:18,0,15.11,0
2025-04-17T00:23:18,0,15.11,0
2025-04-17T00:23:18,0,15.11,0
2025-04-17T00:23:18,0,15.11,0
2025-04-17T00:23:19,0,15.11,0
2025-04-17T00:23:19,0,15.11,0
2025-04-17T00:23:19,0,15.11,0
2025-04-17T00:23:19,0,15.11,0
2025-04-17T00:23:20,0,15.11,0
2025-04-17T00:23:20,0,15.11,0
2025-04-17T00:23:20,0,15.11,0
2025-04-17T00:23:20,0,15.11,0
2025-04-17T00:23:21,0,15.11,0
2025-04-17T00:23:21,0,15.11,0
2025-04-17T00:23:21,0,15.11,0
2025-04-17T00:23:21,0,15.11,0
2025-04-17T00:23:22,0,15.11,0
2025-04-17T00:23:22,0,15.11,0
2025-04-17T00:23:22,0,15.11,0
2025-04-17T00:23:22,0,15.11,0
2025-04-17T00:23:23,0,15.11,0
2025-04-17T00:23:23,0,15.11,0
2025-04-17T00:23:23,0,15.11,0
2025-04-17T00:23:23,0,15.11,0
2025-04-17T00:23:24,0,15.11,0
2025-04-17T00:23:24,0,15.11,0
2025-04-17T00:23:24,0,15.11,0
2025-04-17T00:23:24,0,15.11,0
2025-04-17T00:23:25,0,15.11,0
2025-04-17T00:23:25,0,15.11,0
2025-04-17T00:23:25,0,15.11,0
2025-04-17T00:23:25,0,15.11,0
2025-04-17T00:23:26,0,15.11,0
2025-04-17T00:23:26,0,15.11,0
2025-04-17T00:23:26,0,15.11,0
2025-04-17T00:23:26,0,15.11,0
2025-04-17T00:23:27,0,15.11,0
2025-04-17T00:23:27,0,15.11,0
2025-04-17T00:23:27,0,15.11,0
2025-04-17T00:23:27,0,15.11,0
2025-04-17T00:23:28,0,15.11,0
2025-04-17T00:23:28,0,15.11,0
2025-04-17T00:23:28,0,15.11,0
2025-04-17T00:23:28,0,15.11,0
2025-04-17T00:23:29,0,15.11,0
2025-04-17T00:23:29,0,15.11,0
2025-04-17T00:23:29,0,15.11,0
2025-04-17T00:23:29,0,15.11,0
2025-04-17T00:23:30,0,15.11,0
2025-04-17T00:23:30,0,15.11,0
2025-04-17T00:23:30,0,15.11,0
2025-04-17T00:23:30,0,15.11,0
2025-04-17T00:23:31,0,15.11,0
2025-04-17T00:23:31,0,15.19,0
2025-04-17T00:23:31,0,15.19,0
2025-04-17T00:23:31,68,15.30,0
2025-04-17T00:23:32,86,15.30,0
2025-04-17T00:23:32,91,15.30,0
2025-04-17T00:23:32,94,15.30,0
2025-04-17T00:23:32,92,15.30,0
2025-04-17T00:23:33,88,16.34,0
2025-04-17T00:23:33,92,16.34,0
2025-04-17T00:23:33,92,16.34,0
2025-04-17T00:23:33,95,16.34,0
2025-04-17T00:23:34,87,16.34,0
2025-04-17T00:23:34,90,16.34,0
2025-04-17T00:23:34,95,16.34,0
2025-04-17T00:23:34,94,16.35,0
2025-04-17T00:23:35,93,16.35,0
2025-04-17T00:23:35,90,16.35,0
2025-04-17T00:23:35,92,16.35,0
2025-04-17T00:23:35,86,16.35,0
2025-04-17T00:23:36,97,16.35,0
2025-04-17T00:23:36,93,16.35,0
2025-04-17T00:23:36,92,16.35,0
2025-04-17T00:23:36,90,16.35,0
2025-04-17T00:23:37,91,16.35,30
2025-04-17T00:23:37,93,16.35,30
2025-04-17T00:23:37,84,16.36,30
2025-04-17T00:23:37,93,16.36,30
2025-04-17T00:23:38,93,16.36,30
2025-04-17T00:23:38,93,16.36,30
2025-04-17T00:23:38,92,16.36,30
2025-04-17T00:23:38,92,16.36,30
2025-04-17T00:23:38,92,16.36,30
2025-04-17T00:23:39,85,16.36,30
2025-04-17T00:23:39,94,16.36,30
2025-04-17T00:23:39,93,16.36,30
2025-04-17T00:23:39,84,16.36,30
2025-04-17T00:23:40,85,16.36,30
2025-04-17T00:23:40,87,16.36,30
2025-04-17T00:23:40,81,16.36,30
2025-04-17T00:23:40,88,16.36,30
2025-04-17T00:23:41,84,16.36,30
2025-04-17T00:23:41,90,16.36,30
2025-04-17T00:23:41,91,16.36,30
2025-04-17T00:23:41,91,16.36,30
2025-04-17T00:23:42,94,16.36,30
2025-04-17T00:23:42,91,16.36,30
2025-04-17T00:23:42,94,16.36,30
2025-04-17T00:23:42,91,16.37,30
2025-04-17T00:23:43,0,16.37,30
2025-04-17T00:23:43,0,16.37,30
2025-04-17T00:23:43,0,16.37,30
2025-04-17T00:23:43,0,16.37,30
2025-04-17T00:23:44,0,16.37,30
2025-04-17T00:23:44,0,16.37,30
2025-04-17T00:23:44,0,16.37,30
2025-04-17T00:23:44,0,16.37,30
2025-04-17T00:23:44,0,16.37,30
2025-04-17T00:23:45,0,16.37,30
2025-04-17T00:23:45,0,16.37,30
2025-04-17T00:23:45,0,16.37,30
2025-04-17T00:23:45,0,16.37,30
2025-04-17T00:23:46,0,16.37,30
2025-04-17T00:23:46,0,16.37,30
2025-04-17T00:23:46,0,16.37,30
2025-04-17T00:23:46,0,16.37,30
2025-04-17T00:23:47,0,16.37,30
2025-04-17T00:23:47,0,16.37,30
2025-04-17T00:23:47,0,16.37,30
2025-04-17T00:23:47,0,16.37,30
2025-04-17T00:23:48,0,16.37,30
2025-04-17T00:23:48,0,16.37,30
2025-04-17T00:23:48,0,16.37,30
2025-04-17T00:23:48,0,16.37,30
2025-04-17T00:23:49,0,16.37,30
2025-04-17T00:23:49,0,16.37,30
2025-04-17T00:23:49,0,16.38,30
2025-04-17T00:23:49,83,16.38,30
2025-04-17T00:23:50,89,16.38,30
2025-04-17T00:23:50,89,16.38,30
2025-04-17T00:23:50,91,16.38,30
2025-04-17T00:23:50,92,16.38,30
2025-04-17T00:23:51,0,16.38,30
2025-04-17T00:23:51,0,16.38,30
2025-04-17T00:23:51,0,16.38,30
2025-04-17T00:23:51,0,16.38,30
2025-04-17T00:23:52,0,16.38,30
2025-04-17T00:23:52,0,16.38,30
2025-04-17T00:23:52,0,16.38,30
2025-04-17T00:23:52,0,16.38,30
2025-04-17T00:23:53,0,16.38,30
2025-04-17T00:23:53,0,16.38,30
2025-04-17T00:23:53,0,16.38,30
2025-04-17T00:23:53,0,16.38,30
2025-04-17T00:23:54,0,16.38,30
2025-04-17T00:23:54,0,16.38,30
2025-04-17T00:23:54,0,16.38,30
2025-04-17T00:23:54,0,16.38,30
2025-04-17T00:23:55,0,16.38,30
2025-04-17T00:23:55,0,16.38,30
2025-04-17T00:23:55,0,16.38,30
2025-04-17T00:23:55,0,16.38,30
2025-04-17T00:23:56,0,16.38,30
2025-04-17T00:23:56,0,16.38,30
2025-04-17T00:23:56,0,16.38,30
2025-04-17T00:23:56,0,16.38,30
2025-04-17T00:23:57,0,16.38,30
2025-04-17T00:23:57,0,16.38,30
2025-04-17T00:23:57,0,16.38,30
2025-04-17T00:23:57,0,16.38,30
2025-04-17T00:23:58,0,16.38,30
2025-04-17T00:23:58,0,16.38,30
2025-04-17T00:23:58,0,16.38,30
2025-04-17T00:23:58,0,16.38,30
2025-04-17T00:23:59,0,16.38,30
2025-04-17T00:23:59,0,16.38,30
2025-04-17T00:23:59,0,16.38,30
2025-04-17T00:23:59,0,16.38,30
2025-04-17T00:24:00,0,16.38,30
2025-04-17T00:24:00,0,16.38,30
2025-04-17T00:24:00,0,16.38,30
2025-04-17T00:24:00,0,16.38,30
2025-04-17T00:24:01,0,16.38,30
2025-04-17T00:24:01,0,16.38,30
2025-04-17T00:24:01,0,16.38,30
2025-04-17T00:24:01,0,16.38,30
2025-04-17T00:24:02,0,16.38,30
2025-04-17T00:24:02,0,16.38,30
2025-04-17T00:24:02,0,16.38,30
2025-04-17T00:24:02,0,16.38,30
2025-04-17T00:24:03,0,16.38,30
2025-04-17T00:24:03,0,16.38,30
2025-04-17T00:24:03,0,16.38,30
2025-04-17T00:24:03,0,16.38,30
2025-04-17T00:24:04,0,16.38,30
2025-04-17T00:24:04,0,16.38,30
2025-04-17T00:24:04,0,16.38,30
2025-04-17T00:24:04,0,16.38,30
2025-04-17T00:24:05,0,16.38,30
2025-04-17T00:24:05,0,16.38,30
2025-04-17T00:24:05,0,16.38,30
2025-04-17T00:24:05,0,16.38,30
2025-04-17T00:24:06,0,16.38,30
2025-04-17T00:24:06,0,16.38,30
2025-04-17T00:24:06,0,16.38,30
2025-04-17T00:24:06,0,16.38,30
2025-04-17T00:24:07,0,16.38,30
2025-04-17T00:24:07,0,16.38,30
2025-04-17T00:24:07,0,16.38,30
2025-04-17T00:24:07,0,16.38,30
2025-04-17T00:24:08,0,16.38,30
2025-04-17T00:24:08,0,16.38,30
2025-04-17T00:24:08,0,16.38,30
2025-04-17T00:24:08,0,16.38,30
2025-04-17T00:24:09,0,16.38,30
2025-04-17T00:24:09,0,16.38,30
2025-04-17T00:24:09,0,16.38,30
2025-04-17T00:24:09,0,16.38,30
2025-04-17T00:24:10,0,16.38,30
2025-04-17T00:24:10,0,16.38,30
2025-04-17T00:24:10,0,16.38,30
2025-04-17T00:24:10,86,16.39,30
2025-04-17T00:24:11,0,16.39,30
2025-04-17T00:24:11,0,16.39,30
2025-04-17T00:24:11,0,16.39,30
2025-04-17T00:24:11,0,16.39,30
2025-04-17T00:24:12,0,16.39,30
2025-04-17T00:24:12,0,16.39,30
2025-04-17T00:24:12,0,16.39,30
2025-04-17T00:24:12,0,16.39,30
2025-04-17T00:24:12,0,16.39,30
2025-04-17T00:24:13,0,16.39,30
2025-04-17T00:24:13,0,16.39,30
2025-04-17T00:24:13,0,16.39,30
2025-04-17T00:24:13,0,16.39,30
2025-04-17T00:24:14,0,16.39,30
2025-04-17T00:24:14,0,16.39,30
2025-04-17T00:24:14,0,16.39,30
2025-04-17T00:24:14,0,16.39,30
2025-04-17T00:24:15,0,16.39,30
2025-04-17T00:24:15,0,16.39,30
2025-04-17T00:24:15,0,16.39,30
2025-04-17T00:24:15,0,16.39,30
2025-04-17T00:24:16,0,16.39,30
2025-04-17T00:24:16,0,16.39,30
2025-04-17T00:24:16,0,16.39,30
2025-04-17T00:24:16,0,16.39,30
2025-04-17T00:24:17,0,16.39,30
2025-04-17T00:24:17,0,16.39,30
2025-04-17T00:24:17,0,16.39,30
2025-04-17T00:24:17,0,16.39,30
2025-04-17T00:24:18,0,16.39,30
2025-04-17T00:24:18,0,16.39,30
2025-04-17T00:24:18,0,16.39,30
2025-04-17T00:24:18,0,16.39,30
2025-04-17T00:24:19,0,16.39,30
2025-04-17T00:24:19,0,16.39,30
2025-04-17T00:24:19,0,16.39,30
2025-04-17T00:24:19,0,16.39,30
2025-04-17T00:24:20,0,16.39,30
2025-04-17T00:24:20,0,16.39,30
2025-04-17T00:24:20,0,16.39,30
2025-04-17T00:24:20,0,16.39,30
2025-04-17T00:24:20,0,16.39,30
2025-04-17T00:24:21,0,16.39,30
2025-04-17T00:24:21,0,16.39,30
2025-04-17T00:24:21,0,16.39,30
2025-04-17T00:24:21,0,16.39,30
2025-04-17T00:24:22,0,16.39,30
2025-04-17T00:24:22,0,16.39,30
2025-04-17T00:24:22,0,16.39,30
2025-04-17T00:24:22,0,16.39,30
2025-04-17T00:24:23,0,16.39,30
2025-04-17T00:24:23,0,16.39,30
2025-04-17T00:24:23,0,16.39,30
2025-04-17T00:24:23,0,16.39,30
2025-04-17T00:24:24,0,16.39,30
2025-04-17T00:24:24,16,16.39,30
2025-04-17T00:24:24,0,16.39,30
2025-04-17T00:24:24,0,16.38,30
2025-04-17T00:24:25,0,16.39,30
2025-04-17T00:24:25,0,16.39,30
2025-04-17T00:24:25,0,16.41,30
2025-04-17T00:24:25,31,16.41,30
2025-04-17T00:24:26,18,16.41,30
2025-04-17T00:24:26,18,16.41,30
2025-04-17T00:24:26,19,16.41,30
2025-04-17T00:24:26,26,16.41,30
2025-04-17T00:24:27,22,16.41,30
2025-04-17T00:24:27,18,16.41,30
2025-04-17T00:24:27,19,16.41,30
2025-04-17T00:24:27,33,16.41,30
2025-04-17T00:24:28,18,16.41,30
2025-04-17T00:24:28,33,16.41,30
2025-04-17T00:24:28,32,16.41,30
2025-04-17T00:24:28,18,16.41,30
2025-04-17T00:24:29,22,16.41,30
2025-04-17T00:24:29,30,16.41,30
2025-04-17T00:24:29,32,16.41,30
2025-04-17T00:24:29,28,16.41,30
2025-04-17T00:24:29,18,16.41,30
2025-04-17T00:24:30,22,16.41,30
2025-04-17T00:24:30,21,16.41,30
2025-04-17T00:24:30,32,16.41,30
2025-04-17T00:24:30,18,16.41,30
2025-04-17T00:24:31,18,16.41,30
2025-04-17T00:24:31,31,16.41,30
2025-04-17T00:24:31,18,16.41,30
2025-04-17T00:24:31,21,16.41,30
2025-04-17T00:24:32,18,16.41,30
2025-04-17T00:24:32,18,16.41,30
2025-04-17T00:24:32,32,16.41,30
2025-04-17T00:24:32,18,16.41,30
2025-04-17T00:24:33,22,16.41,30
2025-04-17T00:24:33,29,16.41,30
2025-04-17T00:24:33,33,16.41,30
2025-04-17T00:24:33,22,16.41,30
2025-04-17T00:24:34,19,16.41,30
2025-04-17T00:24:34,26,16.41,30
2025-04-17T00:24:34,23,16.41,30
2025-04-17T00:24:34,20,16.41,30
2025-04-17T00:24:35,30,16.41,30
2025-04-17T00:24:35,18,16.41,30
2025-04-17T00:24:35,26,16.41,30
2025-04-17T00:24:35,22,16.41,30
2025-04-17T00:24:36,20,16.41,30
2025-04-17T00:24:36,26,16.41,30
2025-04-17T00:24:36,18,16.41,30
2025-04-17T00:24:36,18,16.41,30
2025-04-17T00:24:37,19,16.41,30
2025-04-17T00:24:37,22,16.41,30
2025-04-17T00:24:37,22,16.41,30
2025-04-17T00:24:37,18,16.41,30
2025-04-17T00:24:38,32,16.41,30
2025-04-17T00:24:38,18,16.41,30
2025-04-17T00:24:38,22,16.41,30
2025-04-17T00:24:38,19,16.41,30
2025-04-17T00:24:39,18,16.41,30
2025-04-17T00:24:39,27,16.41,30
2025-04-17T00:24:39,18,16.41,30
2025-04-17T00:24:39,35,16.41,30
2025-04-17T00:24:40,18,16.41,30
2025-04-17T00:24:40,20,16.41,30
2025-04-17T00:24:40,22,16.41,30
2025-04-17T00:24:40,18,16.41,30
2025-04-17T00:24:41,22,16.41,30
2025-04-17T00:24:41,33,16.41,30
2025-04-17T00:24:41,22,16.41,30
2025-04-17T00:24:41,18,16.41,30
2025-04-17T00:24:42,19,16.41,30
2025-04-17T00:24:42,25,16.41,30
2025-04-17T00:24:42,19,16.41,30
2025-04-17T00:24:42,31,16.41,30
2025-04-17T00:24:43,33,16.41,30
2025-04-17T00:24:43,19,16.41,30
2025-04-17T00:24:43,26,16.41,30
2025-04-17T00:24:43,18,16.41,30
2025-04-17T00:24:44,19,16.41,30
2025-04-17T00:24:44,33,16.41,30
2025-04-17T00:24:44,22,16.41,30
2025-04-17T00:24:44,27,16.41,30
2025-04-17T00:24:45,20,16.41,30
2025-04-17T00:24:45,24,16.41,30
2025-04-17T00:24:45,25,16.41,30
2025-04-17T00:24:45,31,16.41,30
2025-04-17T00:24:46,19,16.41,30
2025-04-17T00:24:46,24,16.41,30
2025-04-17T00:24:46,21,16.41,30
2025-04-17T00:24:46,22,16.41,30
2025-04-17T00:24:47,26,16.41,30
2025-04-17T00:24:47,22,16.41,30
2025-04-17T00:24:47,23,16.41,30
2025-04-17T00:24:47,20,16.41,30
2025-04-17T00:24:48,26,16.41,30
2025-04-17T00:24:48,18,16.41,30
2025-04-17T00:24:48,18,16.41,30
2025-04-17T00:24:48,26,16.41,30
2025-04-17T00:24:49,22,16.41,30
2025-04-17T00:24:49,17,16.41,30
2025-04-17T00:24:49,18,16.41,30
2025-04-17T00:24:49,18,16.41,30
2025-04-17T00:24:50,18,16.41,30
2025-04-17T00:24:50,28,16.41,30
2025-04-17T00:24:50,19,16.41,30
2025-04-17T00:24:50,21,16.41,30
2025-04-17T00:24:50,26,16.41,30
2025-04-17T00:24:51,18,16.41,30
2025-04-17T00:24:51,18,16.41,30
2025-04-17T00:24:51,18,16.41,30
2025-04-17T00:24:51,22,16.41,30
2025-04-17T00:24:52,19,16.41,30
2025-04-17T00:24:52,19,16.41,30
2025-04-17T00:24:52,21,16.41,30
2025-04-17T00:24:52,31,16.41,30
2025-04-17T00:24:53,22,16.41,30
2025-04-17T00:24:53,19,16.41,30
2025-04-17T00:24:53,32,16.41,30
2025-04-17T00:24:53,23,16.41,30
2025-04-17T00:24:54,19,16.41,30
2025-04-17T00:24:54,30,16.41,30
2025-04-17T00:24:54,18,16.41,30
2025-04-17T00:24:54,18,16.41,30
2025-04-17T00:24:55,18,16.41,30
2025-04-17T00:24:55,28,16.41,30
2025-04-17T00:24:55,18,16.41,30
2025-04-17T00:24:55,20,16.41,30
2025-04-17T00:24:56,22,16.41,30
2025-04-17T00:24:56,18,16.41,30
2025-04-17T00:24:56,24,16.41,30
2025-04-17T00:24:56,25,16.41,30
2025-04-17T00:24:57,18,16.41,30
2025-04-17T00:24:57,22,16.41,30
2025-04-17T00:24:57,32,16.41,30
2025-04-17T00:24:57,22,16.41,30
2025-04-17T00:24:58,21,16.41,30
2025-04-17T00:24:58,18,16.41,30
2025-04-17T00:24:58,18,16.41,30
2025-04-17T00:24:58,18,16.41,30
2025-04-17T00:24:59,19,16.41,30
2025-04-17T00:24:59,18,16.41,30
2025-04-17T00:24:59,21,16.41,30
2025-04-17T00:24:59,18,16.41,30
2025-04-17T00:25:00,22,16.41,30
2025-04-17T00:25:00,18,16.41,30
2025-04-17T00:25:00,19,16.41,30
2025-04-17T00:25:00,18,16.41,30
2025-04-17T00:25:01,21,16.41,30
2025-04-17T00:25:01,18,16.41,30
2025-04-17T00:25:01,19,16.41,30
2025-04-17T00:25:01,18,16.41,30
2025-04-17T00:25:02,18,16.41,30
2025-04-17T00:25:02,18,16.41,30
2025-04-17T00:25:02,24,16.41,30
2025-04-17T00:25:02,18,16.41,30
2025-04-17T00:25:03,22,16.41,30
2025-04-17T00:25:03,30,16.41,30
2025-04-17T00:25:03,33,16.41,30
2025-04-17T00:25:03,22,16.41,30
2025-04-17T00:25:04,22,16.41,30
2025-04-17T00:25:04,19,16.41,30
2025-04-17T00:25:04,26,16.41,30
2025-04-17T00:25:04,30,16.41,30
2025-04-17T00:25:05,18,16.41,30
2025-04-17T00:25:05,25,16.41,30
2025-04-17T00:25:05,18,16.41,30
2025-04-17T00:25:05,31,16.41,30
2025-04-17T00:25:06,19,16.41,30
2025-04-17T00:25:06,20,16.41,30
2025-04-17T00:25:06,18,16.41,30
2025-04-17T00:25:06,33,16.41,30
2025-04-17T00:25:07,22,16.41,30
2025-04-17T00:25:07,24,16.41,30
2025-04-17T00:25:07,18,16.41,30
2025-04-17T00:25:07,28,16.41,30
2025-04-17T00:25:08,18,16.41,30
2025-04-17T00:25:08,21,16.41,30
2025-04-17T00:25:08,15,16.41,30
2025-04-17T00:25:08,18,16.41,30
2025-04-17T00:25:09,32,16.41,30
2025-04-17T00:25:09,18,16.41,30
2025-04-17T00:25:09,33,16.41,30
2025-04-17T00:25:09,34,16.41,30
2025-04-17T00:25:10,26,16.41,30
2025-04-17T00:25:10,19,16.41,30
2025-04-17T00:25:10,20,16.41,30
2025-04-17T00:25:10,33,16.41,30
2025-04-17T00:25:11,22,16.41,30
2025-04-17T00:25:11,22,16.41,30
2025-04-17T00:25:11,22,16.41,30
2025-04-17T00:25:11,25,16.41,30
2025-04-17T00:25:12,18,16.41,30
2025-04-17T00:25:12,18,16.41,30
2025-04-17T00:25:12,18,16.41,30
2025-04-17T00:25:12,24,16.41,30
2025-04-17T00:25:13,20,16.41,30
2025-04-17T00:25:13,18,16.41,30
2025-04-17T00:25:13,25,16.41,30
2025-04-17T00:25:13,22,16.41,30
2025-04-17T00:25:14,22,16.41,30
2025-04-17T00:25:14,21,16.41,30
2025-04-17T00:25:14,19,16.41,30
2025-04-17T00:25:14,20,16.41,30
2025-04-17T00:25:15,23,16.41,30
2025-04-17T00:25:15,20,16.41,30
2025-04-17T00:25:15,26,16.41,30
2025-04-17T00:25:15,20,16.41,30
2025-04-17T00:25:16,19,16.41,30
2025-04-17T00:25:16,20,16.41,30
2025-04-17T00:25:16,17,16.41,30
2025-04-17T00:25:16,25,16.41,30
2025-04-17T00:25:17,22,16.41,30
2025-04-17T00:25:17,18,16.41,30
2025-04-17T00:25:17,23,16.41,30
2025-04-17T00:25:17,28,16.41,30
2025-04-17T00:25:18,18,16.41,30
2025-04-17T00:25:18,19,16.41,30
2025-04-17T00:25:18,26,16.41,30
2025-04-17T00:25:18,33,16.41,30
2025-04-17T00:25:18,18,16.41,30
2025-04-17T00:25:19,20,16.41,30
2025-04-17T00:25:19,22,16.41,30
2025-04-17T00:25:19,18,16.41,30
2025-04-17T00:25:19,31,16.41,30
2025-04-17T00:25:20,18,16.41,30
2025-04-17T00:25:20,26,16.41,30
2025-04-17T00:25:20,22,16.41,30
2025-04-17T00:25:20,20,16.41,30
2025-04-17T00:25:21,18,16.41,30
2025-04-17T00:25:21,28,16.41,30
2025-04-17T00:25:21,19,16.41,30
2025-04-17T00:25:21,19,16.41,30
2025-04-17T00:25:22,22,16.41,30
2025-04-17T00:25:22,25,16.41,30
2025-04-17T00:25:22,18,16.41,30
2025-04-17T00:25:22,18,16.41,30
2025-04-17T00:25:23,22,16.41,30
2025-04-17T00:25:23,32,16.41,30
2025-04-17T00:25:23,20,16.41,30
2025-04-17T00:25:23,20,16.41,30
2025-04-17T00:25:24,22,16.41,30
2025-04-17T00:25:24,14,16.41,30
2025-04-17T00:25:24,19,16.41,30
2025-04-17T00:25:24,18,16.41,30
2025-04-17T00:25:25,22,16.41,30
2025-04-17T00:25:25,18,16.41,30
2025-04-17T00:25:25,19,16.41,30
2025-04-17T00:25:25,18,16.41,30
2025-04-17T00:25:26,32,16.41,30
2025-04-17T00:25:26,22,16.41,30
2025-04-17T00:25:26,33,16.41,30
2025-04-17T00:25:26,19,16.41,30
2025-04-17T00:25:27,25,16.41,30
2025-04-17T00:25:27,22,16.41,30
2025-04-17T00:25:27,20,16.41,30
2025-04-17T00:25:27,26,16.41,30
2025-04-17T00:25:28,20,16.41,30
2025-04-17T00:25:28,22,16.41,30
2025-04-17T00:25:28,20,16.41,30
2025-04-17T00:25:28,18,16.41,30
2025-04-17T00:25:29,23,16.41,30
2025-04-17T00:25:29,18,16.41,30
2025-04-17T00:25:29,30,16.41,30
2025-04-17T00:25:29,23,16.41,30
2025-04-17T00:25:30,20,16.41,30
2025-04-17T00:25:30,18,16.41,30
2025-04-17T00:25:30,19,16.41,30
2025-04-17T00:25:30,33,16.41,30
2025-04-17T00:25:31,33,16.41,30
2025-04-17T00:25:31,33,16.41,30
2025-04-17T00:25:31,18,16.41,30
2025-04-17T00:25:31,22,16.41,30
2025-04-17T00:25:32,18,16.41,30
2025-04-17T00:25:32,26,16.41,30
2025-04-17T00:25:32,18,16.41,30
2025-04-17T00:25:32,23,16.41,30
2025-04-17T00:25:33,0,16.41,30
2025-04-17T00:25:33,0,16.41,30
2025-04-17T00:25:33,18,16.41,30
2025-04-17T00:25:33,20,16.41,30
2025-04-17T00:25:34,33,16.41,30
2025-04-17T00:25:34,22,16.41,30
2025-04-17T00:25:34,19,16.41,30
2025-04-17T00:25:34,35,16.41,30
2025-04-17T00:25:35,18,16.41,30
2025-04-17T00:25:35,24,16.41,30
2025-04-17T00:25:35,22,16.41,30
2025-04-17T00:25:35,16,16.41,30
2025-04-17T00:25:36,18,16.41,30
2025-04-17T00:25:36,19,16.41,30
2025-04-17T00:25:36,32,16.41,30
2025-04-17T00:25:36,18,16.41,30
2025-04-17T00:25:37,32,16.41,30
2025-04-17T00:25:37,19,16.41,30
2025-04-17T00:25:37,19,16.41,30
2025-04-17T00:25:37,20,16.41,30
2025-04-17T00:25:38,19,16.41,30
2025-04-17T00:25:38,20,16.41,30
2025-04-17T00:25:38,18,16.41,30
2025-04-17T00:25:38,22,16.41,30
2025-04-17T00:25:39,22,16.41,30
2025-04-17T00:25:39,22,16.41,30
2025-04-17T00:25:39,30,16.41,30
2025-04-17T00:25:39,21,16.41,30
2025-04-17T00:25:40,24,16.41,30
2025-04-17T00:25:40,23,16.41,30
2025-04-17T00:25:40,21,16.41,30
2025-04-17T00:25:40,22,16.41,30
2025-04-17T00:25:41,33,16.41,30
2025-04-17T00:25:41,22,16.41,30
2025-04-17T00:25:41,18,16.41,30
2025-04-17T00:25:41,32,16.41,30
2025-04-17T00:25:42,22,16.41,30
2025-04-17T00:25:42,19,16.41,30
2025-04-17T00:25:42,22,16.41,30
2025-04-17T00:25:42,18,16.41,30
2025-04-17T00:25:42,33,16.41,30
2025-04-17T00:25:43,33,16.41,30
2025-04-17T00:25:43,37,16.41,30
2025-04-17T00:25:43,22,16.41,30
2025-04-17T00:25:43,19,16.41,30
2025-04-17T00:25:44,19,16.41,30
2025-04-17T00:25:44,20,16.41,30
2025-04-17T00:25:44,33,16.41,30
2025-04-17T00:25:44,21,16.41,30
2025-04-17T00:25:45,22,16.41,30
2025-04-17T00:25:45,18,16.41,30
2025-04-17T00:25:45,33,16.41,30
2025-04-17T00:25:45,18,16.41,30
2025-04-17T00:25:46,19,16.41,30
2025-04-17T00:25:46,18,16.41,30
2025-04-17T00:25:46,20,16.41,30
2025-04-17T00:25:46,33,16.41,30
2025-04-17T00:25:47,18,16.41,30
2025-04-17T00:25:47,22,16.41,30
2025-04-17T00:25:47,19,16.41,30
2025-04-17T00:25:47,18,16.41,30
2025-04-17T00:25:48,18,16.41,30
2025-04-17T00:25:48,32,16.41,30
2025-04-17T00:25:48,18,16.41,30
2025-04-17T00:25:48,22,16.41,30
2025-04-17T00:25:49,25,16.41,30
2025-04-17T00:25:49,19,16.41,30
2025-04-17T00:25:49,24,16.41,30
2025-04-17T00:25:49,20,16.41,30
2025-04-17T00:25:50,18,16.41,30
2025-04-17T00:25:50,29,16.41,30
2025-04-17T00:25:50,18,16.41,30
2025-04-17T00:25:50,18,16.41,30
2025-04-17T00:25:51,32,16.41,30
2025-04-17T00:25:51,18,16.41,30
2025-04-17T00:25:51,18,16.41,30
2025-04-17T00:25:51,33,16.41,30
2025-04-17T00:25:52,32,16.41,30
2025-04-17T00:25:52,22,16.41,30
2025-04-17T00:25:52,29,16.41,30
2025-04-17T00:25:52,18,16.41,30
2025-04-17T00:25:53,18,16.41,30
2025-04-17T00:25:53,19,16.41,30
2025-04-17T00:25:53,20,16.41,30
2025-04-17T00:25:53,22,16.41,30
2025-04-17T00:25:54,33,16.41,30
2025-04-17T00:25:54,20,16.41,30
2025-04-17T00:25:54,21,16.41,30
2025-04-17T00:25:54,33,16.41,30
2025-04-17T00:25:55,22,16.41,30
2025-04-17T00:25:55,29,16.41,30
2025-04-17T00:25:55,22,16.41,30
2025-04-17T00:25:55,18,16.41,30
2025-04-17T00:25:56,18,16.41,30
2025-04-17T00:25:56,19,16.41,30
2025-04-17T00:25:56,18,16.41,30
2025-04-17T00:25:56,26,16.41,30
2025-04-17T00:25:57,18,16.41,30
2025-04-17T00:25:57,22,16.41,30
2025-04-17T00:25:57,18,16.41,30
2025-04-17T00:25:57,22,16.41,30
2025-04-17T00:25:58,31,16.41,30
2025-04-17T00:25:58,18,16.41,30
2025-04-17T00:25:58,32,16.41,30
2025-04-17T00:25:58,35,16.41,30
2025-04-17T00:25:59,22,16.41,30
2025-04-17T00:25:59,33,16.41,30
2025-04-17T00:25:59,34,16.41,30
2025-04-17T00:25:59,18,16.41,30
2025-04-17T00:26:00,33,16.41,30
2025-04-17T00:26:00,18,16.41,30
2025-04-17T00:26:00,29,16.41,30
2025-04-17T00:26:00,22,16.41,30
2025-04-17T00:26:01,20,16.41,30
2025-04-17T00:26:01,33,16.41,30
2025-04-17T00:26:01,19,16.41,30
2025-04-17T00:26:01,33,16.41,30
2025-04-17T00:26:02,22,16.41,30
2025-04-17T00:26:02,27,16.41,30
2025-04-17T00:26:02,18,16.41,30
2025-04-17T00:26:02,27,16.41,30
2025-04-17T00:26:03,16,16.41,30
2025-04-17T00:26:03,19,16.41,30
2025-04-17T00:26:03,22,16.41,30
2025-04-17T00:26:03,28,16.41,30
2025-04-17T00:26:03,35,16.41,30
2025-04-17T00:26:04,22,16.41,30
2025-04-17T00:26:04,24,16.41,30
2025-04-17T00:26:04,20,16.41,30
2025-04-17T00:26:04,23,16.41,30
2025-04-17T00:26:05,25,16.41,30
2025-04-17T00:26:05,20,16.41,30
2025-04-17T00:26:05,18,16.41,30
2025-04-17T00:26:05,18,16.41,30
2025-04-17T00:26:06,22,16.41,30
2025-04-17T00:26:06,26,16.41,30
2025-04-17T00:26:06,18,16.41,30
2025-04-17T00:26:06,36,16.41,30
2025-04-17T00:26:07,22,16.41,30
2025-04-17T00:26:07,23,16.41,30
2025-04-17T00:26:07,20,16.41,30
2025-04-17T00:26:07,32,16.41,30
2025-04-17T00:26:08,20,16.41,30
2025-04-17T00:26:08,22,16.41,30
2025-04-17T00:26:08,19,16.41,30
2025-04-17T00:26:08,32,16.41,30
2025-04-17T00:26:09,18,16.41,30
2025-04-17T00:26:09,33,16.41,30
2025-04-17T00:26:09,18,16.41,30
2025-04-17T00:26:09,25,16.41,30
2025-04-17T00:26:10,26,16.41,30
2025-04-17T00:26:10,25,16.41,30
2025-04-17T00:26:10,18,16.41,30
2025-04-17T00:26:10,33,16.41,30
2025-04-17T00:26:11,27,16.41,30
2025-04-17T00:26:11,21,16.41,30
2025-04-17T00:26:11,27,16.41,30
2025-04-17T00:26:11,18,16.41,30
2025-04-17T00:26:12,18,16.41,30
2025-04-17T00:26:12,22,16.41,30
2025-04-17T00:26:12,27,16.41,30
2025-04-17T00:26:12,18,16.41,30
2025-04-17T00:26:13,22,16.41,30
2025-04-17T00:26:13,20,16.41,30
2025-04-17T00:26:13,18,16.41,30
2025-04-17T00:26:13,32,16.41,30
2025-04-17T00:26:14,29,16.41,30
2025-04-17T00:26:14,18,16.41,30
2025-04-17T00:26:14,22,16.41,30
2025-04-17T00:26:14,22,16.41,30
2025-04-17T00:26:15,18,16.41,30
2025-04-17T00:26:15,22,16.41,30
2025-04-17T00:26:15,34,16.41,30
2025-04-17T00:26:15,34,16.41,30
2025-04-17T00:26:16,34,16.41,30
2025-04-17T00:26:16,20,16.41,30
2025-04-17T00:26:16,20,16.41,30
2025-04-17T00:26:16,31,16.41,30
2025-04-17T00:26:17,32,16.41,30
2025-04-17T00:26:17,19,16.41,30
2025-04-17T00:26:17,33,16.41,30
2025-04-17T00:26:17,34,16.41,30
2025-04-17T00:26:18,19,16.41,30
2025-04-17T00:26:18,22,16.41,30
2025-04-17T00:26:18,18,16.41,30
2025-04-17T00:26:18,18,16.41,30
2025-04-17T00:26:19,25,16.41,30
2025-04-17T00:26:19,18,16.41,30
2025-04-17T00:26:19,18,16.41,30
2025-04-17T00:26:19,22,16.41,30
2025-04-17T00:26:20,26,16.41,30
2025-04-17T00:26:20,35,16.41,30
2025-04-17T00:26:20,33,16.41,30
2025-04-17T00:26:20,22,16.41,30
2025-04-17T00:26:21,24,16.41,30
2025-04-17T00:26:21,20,16.41,30
2025-04-17T00:26:21,30,16.41,30
2025-04-17T00:26:21,18,16.41,30
2025-04-17T00:26:21,32,16.41,30
2025-04-17T00:26:22,22,16.41,30
2025-04-17T00:26:22,20,16.41,30
2025-04-17T00:26:22,24,16.41,30
2025-04-17T00:26:22,18,16.41,30
2025-04-17T00:26:23,29,16.41,30
2025-04-17T00:26:23,18,16.41,30
2025-04-17T00:26:23,30,16.41,30
2025-04-17T00:26:23,31,16.41,30
2025-04-17T00:26:24,18,16.41,30
2025-04-17T00:26:24,20,16.41,30
2025-04-17T00:26:24,20,16.41,30
2025-04-17T00:26:24,29,16.41,30
2025-04-17T00:26:25,23,16.41,30
2025-04-17T00:26:25,18,16.41,30
2025-04-17T00:26:25,29,16.41,30
2025-04-17T00:26:25,18,16.41,30
2025-04-17T00:26:26,22,16.41,30
2025-04-17T00:26:26,20,16.41,30
2025-04-17T00:26:26,18,16.41,30
2025-04-17T00:26:26,33,16.41,30
2025-04-17T00:26:27,22,16.41,30
2025-04-17T00:26:27,18,16.41,30
2025-04-17T00:26:27,19,16.41,30
2025-04-17T00:26:27,19,16.41,30
2025-04-17T00:26:28,20,16.41,30
2025-04-17T00:26:28,18,16.41,30
2025-04-17T00:26:28,27,16.41,30
2025-04-17T00:26:28,18,16.41,30
2025-04-17T00:26:29,25,16.41,30
2025-04-17T00:26:29,22,16.41,30
2025-04-17T00:26:29,18,16.41,30
2025-04-17T00:26:29,24,16.41,30
2025-04-17T00:26:30,20,16.41,30
2025-04-17T00:26:30,18,16.41,30
2025-04-17T00:26:30,19,16.41,30
2025-04-17T00:26:30,29,16.41,30
2025-04-17T00:26:31,19,16.41,30
2025-04-17T00:26:31,20,16.41,30
2025-04-17T00:26:31,18,16.41,30
2025-04-17T00:26:31,30,16.41,30
2025-04-17T00:26:32,18,16.41,30
2025-04-17T00:26:32,18,16.41,30
2025-04-17T00:26:32,18,16.41,30
2025-04-17T00:26:32,22,16.41,30
2025-04-17T00:26:33,20,16.41,30
2025-04-17T00:26:33,18,16.41,30
2025-04-17T00:26:33,22,16.41,30
2025-04-17T00:26:33,18,16.41,30
2025-04-17T00:26:34,25,16.41,30
2025-04-17T00:26:34,18,16.41,30
2025-04-17T00:26:34,18,16.41,30
2025-04-17T00:26:34,22,16.41,30
2025-04-17T00:26:35,25,16.41,30
2025-04-17T00:26:35,25,16.41,30
2025-04-17T00:26:35,18,16.41,30
2025-04-17T00:26:35,33,16.41,30
2025-04-17T00:26:36,18,16.41,30
2025-04-17T00:26:36,22,16.41,30
2025-04-17T00:26:36,31,16.41,30
2025-04-17T00:26:36,22,16.41,30
2025-04-17T00:26:37,30,16.41,30
2025-04-17T00:26:37,20,16.41,30
2025-04-17T00:26:37,18,16.41,30
2025-04-17T00:26:37,28,16.41,30
2025-04-17T00:26:38,18,16.41,30
2025-04-17T00:26:38,22,16.41,30
2025-04-17T00:26:38,18,16.41,30
2025-04-17T00:26:38,35,16.41,30
2025-04-17T00:26:39,18,16.41,30
2025-04-17T00:26:39,22,16.41,30
2025-04-17T00:26:39,22,16.41,30
2025-04-17T00:26:39,33,16.41,30
2025-04-17T00:26:40,27,16.41,30
2025-04-17T00:26:40,0,16.41,30
2025-04-17T00:26:40,0,16.41,30
2025-04-17T00:26:40,21,16.41,30
2025-04-17T00:26:41,18,16.41,30
2025-04-17T00:26:41,18,16.41,30
2025-04-17T00:26:41,26,16.41,30
2025-04-17T00:26:41,18,16.41,30
2025-04-17T00:26:42,22,16.41,30
2025-04-17T00:26:42,22,16.41,30
2025-04-17T00:26:42,20,16.41,30
2025-04-17T00:26:42,22,16.41,30
2025-04-17T00:26:42,27,16.41,30
2025-04-17T00:26:43,21,16.41,30
2025-04-17T00:26:43,29,16.41,30
2025-04-17T00:26:43,22,16.41,30
2025-04-17T00:26:43,18,16.41,30
2025-04-17T00:26:44,27,16.41,30
2025-04-17T00:26:44,18,16.41,30
2025-04-17T00:26:44,18,16.41,30
2025-04-17T00:26:44,18,16.41,30
2025-04-17T00:26:45,18,16.41,30
2025-04-17T00:26:45,30,16.41,30
2025-04-17T00:26:45,21,16.41,30
2025-04-17T00:26:45,18,16.41,30
2025-04-17T00:26:46,21,16.41,30
2025-04-17T00:26:46,33,16.41,30
2025-04-17T00:26:46,22,16.41,30
2025-04-17T00:26:46,27,16.41,30
2025-04-17T00:26:47,20,16.41,30
2025-04-17T00:26:47,18,16.41,30
2025-04-17T00:26:47,18,16.41,30
2025-04-17T00:26:47,22,16.41,30
2025-04-17T00:26:48,26,16.41,30
2025-04-17T00:26:48,20,16.41,30
2025-04-17T00:26:48,18,16.41,30
2025-04-17T00:26:48,18,16.41,30
2025-04-17T00:26:49,19,16.41,30
2025-04-17T00:26:49,33,16.41,30
2025-04-17T00:26:49,18,16.41,30
2025-04-17T00:26:49,24,16.41,30
2025-04-17T00:26:50,20,16.41,30
2025-04-17T00:26:50,33,16.41,30
2025-04-17T00:26:50,20,16.41,30
2025-04-17T00:26:50,28,16.41,30
2025-04-17T00:26:51,26,16.41,30
2025-04-17T00:26:51,18,16.41,30
2025-04-17T00:26:51,33,16.41,30
2025-04-17T00:26:51,22,16.41,30
2025-04-17T00:26:52,20,16.41,30
2025-04-17T00:26:52,26,16.41,30
2025-04-17T00:26:52,18,16.41,30
2025-04-17T00:26:52,18,16.41,30
2025-04-17T00:26:53,32,16.41,30
2025-04-17T00:26:53,21,16.41,30
2025-04-17T00:26:53,21,16.41,30
2025-04-17T00:26:53,18,16.41,30
2025-04-17T00:26:54,18,16.41,30
2025-04-17T00:26:54,18,16.41,30
2025-04-17T00:26:54,18,16.41,30
2025-04-17T00:26:54,23,16.41,30
2025-04-17T00:26:55,18,16.41,30
2025-04-17T00:26:55,22,16.41,30
2025-04-17T00:26:55,18,16.41,30
2025-04-17T00:26:55,33,16.41,30
2025-04-17T00:26:56,26,16.41,30
2025-04-17T00:26:56,21,16.41,30
2025-04-17T00:26:56,19,16.41,30
2025-04-17T00:26:56,18,16.41,30
2025-04-17T00:26:57,34,16.41,30
2025-04-17T00:26:57,18,16.41,30
2025-04-17T00:26:57,19,16.41,30
2025-04-17T00:26:57,26,16.41,30
2025-04-17T00:26:58,20,16.41,30
2025-04-17T00:26:58,18,16.41,30
2025-04-17T00:26:58,18,16.41,30
2025-04-17T00:26:58,18,16.41,30
2025-04-17T00:26:59,20,16.41,30
2025-04-17T00:26:59,25,16.41,30
2025-04-17T00:26:59,33,16.41,30
2025-04-17T00:26:59,18,16.41,30
2025-04-17T00:27:00,33,16.41,30
2025-04-17T00:27:00,18,16.41,30
2025-04-17T00:27:00,18,16.41,30
2025-04-17T00:27:00,18,16.41,30
2025-04-17T00:27:01,18,16.41,30
2025-04-17T00:27:01,18,16.41,30
2025-04-17T00:27:01,20,16.41,30
2025-04-17T00:27:01,18,16.41,30
2025-04-17T00:27:02,22,16.41,30
2025-04-17T00:27:02,20,16.41,30
2025-04-17T00:27:02,22,16.41,30
2025-04-17T00:27:02,20,16.41,30
2025-04-17T00:27:03,22,16.41,30
2025-04-17T00:27:03,18,16.41,30
2025-04-17T00:27:03,21,16.41,30
2025-04-17T00:27:03,18,16.41,30
2025-04-17T00:27:04,22,16.41,30
2025-04-17T00:27:04,33,16.41,30
2025-04-17T00:27:04,19,16.41,30
2025-04-17T00:27:04,19,16.41,30
2025-04-17T00:27:05,26,16.41,30
2025-04-17T00:27:05,19,16.41,30
2025-04-17T00:27:05,19,16.41,30
2025-04-17T00:27:05,32,16.41,30
2025-04-17T00:27:06,19,16.41,30
2025-04-17T00:27:06,22,16.41,30
2025-04-17T00:27:06,30,16.41,30
2025-04-17T00:27:06,18,16.41,30
2025-04-17T00:27:07,33,16.41,30
2025-04-17T00:27:07,22,16.41,30
2025-04-17T00:27:07,19,16.41,30
2025-04-17T00:27:07,18,16.41,30
2025-04-17T00:27:08,20,16.41,30
2025-04-17T00:27:08,19,16.41,30
2025-04-17T00:27:08,19,16.41,30
2025-04-17T00:27:08,22,16.41,30
2025-04-17T00:27:09,18,16.41,30
2025-04-17T00:27:09,30,16.41,30
2025-04-17T00:27:09,23,16.41,30
2025-04-17T00:27:09,31,16.41,30
2025-04-17T00:27:10,18,16.41,30
2025-04-17T00:27:10,19,16.41,30
2025-04-17T00:27:10,18,16.41,30
2025-04-17T00:27:10,18,16.41,30
2025-04-17T00:27:11,22,16.41,30
2025-04-17T00:27:11,20,16.41,30
2025-04-17T00:27:11,19,16.41,30
2025-04-17T00:27:11,19,16.41,30
2025-04-17T00:27:12,18,16.41,30
2025-04-17T00:27:12,22,16.41,30
2025-04-17T00:27:12,18,16.41,30
2025-04-17T00:27:12,33,16.41,30
2025-04-17T00:27:13,22,16.41,30
2025-04-17T00:27:13,21,16.41,30
2025-04-17T00:27:13,18,16.41,30
2025-04-17T00:27:13,18,16.41,30
2025-04-17T00:27:14,18,16.41,30
2025-04-17T00:27:14,32,16.41,30
2025-04-17T00:27:14,19,16.41,30
2025-04-17T00:27:14,27,16.41,30
2025-04-17T00:27:15,24,16.41,30
2025-04-17T00:27:15,19,16.41,30
2025-04-17T00:27:15,22,16.41,30
2025-04-17T00:27:15,22,16.41,30
2025-04-17T00:27:16,18,16.41,30
2025-04-17T00:27:16,20,16.41,30
2025-04-17T00:27:16,18,16.41,30
2025-04-17T00:27:16,24,16.41,30
2025-04-17T00:27:17,22,16.41,30
2025-04-17T00:27:17,23,16.41,30
2025-04-17T00:27:17,18,16.41,30
2025-04-17T00:27:17,33,16.41,30
2025-04-17T00:27:17,19,16.41,30
2025-04-17T00:27:18,20,16.41,30
2025-04-17T00:27:18,23,16.41,30
2025-04-17T00:27:18,34,16.41,30
2025-04-17T00:27:18,33,16.41,30
2025-04-17T00:27:19,18,16.41,30
2025-04-17T00:27:19,31,16.41,30
2025-04-17T00:27:19,18,16.41,30
2025-04-17T00:27:19,19,16.41,30
2025-04-17T00:27:20,19,16.41,30
2025-04-17T00:27:20,32,16.41,30
2025-04-17T00:27:20,22,16.41,30
2025-04-17T00:27:20,29,16.41,30
2025-04-17T00:27:21,20,16.41,30
2025-04-17T00:27:21,32,16.41,30
2025-04-17T00:27:21,20,16.41,30
2025-04-17T00:27:21,22,16.41,30
2025-04-17T00:27:22,22,16.41,30
2025-04-17T00:27:22,18,16.41,30
2025-04-17T00:27:22,24,16.41,30
2025-04-17T00:27:22,18,16.41,30
2025-04-17T00:27:23,18,16.41,30
2025-04-17T00:27:23,19,16.41,30
2025-04-17T00:27:23,22,16.41,30
2025-04-17T00:27:23,22,16.41,30
2025-04-17T00:27:24,18,16.41,30
2025-04-17T00:27:24,19,16.41,30
2025-04-17T00:27:24,22,16.41,30
2025-04-17T00:27:24,18,16.41,30
2025-04-17T00:27:25,18,16.41,30
2025-04-17T00:27:25,31,16.41,30
2025-04-17T00:27:25,18,16.41,30
2025-04-17T00:27:25,26,16.41,30
2025-04-17T00:27:26,22,16.41,30
2025-04-17T00:27:26,32,16.41,30
2025-04-17T00:27:26,34,16.41,30
2025-04-17T00:27:26,18,16.41,30
2025-04-17T00:27:27,30,16.41,30
2025-04-17T00:27:27,19,16.41,30
2025-04-17T00:27:27,18,16.41,30
2025-04-17T00:27:27,18,16.41,30
2025-04-17T00:27:28,32,16.41,30
2025-04-17T00:27:28,22,16.41,30
2025-04-17T00:27:28,21,16.41,30
2025-04-17T00:27:28,20,16.41,30
2025-04-17T00:27:29,18,16.41,30
2025-04-17T00:27:29,28,16.41,30
2025-04-17T00:27:29,33,16.41,30
2025-04-17T00:27:29,35,16.41,30
2025-04-17T00:27:30,21,16.41,30
2025-04-17T00:27:30,18,16.41,30
2025-04-17T00:27:30,18,16.41,30
2025-04-17T00:27:30,23,16.41,30
2025-04-17T00:27:31,18,16.41,30
2025-04-17T00:27:31,22,16.41,30
2025-04-17T00:27:31,33,16.41,30
2025-04-17T00:27:31,33,16.41,30
2025-04-17T00:27:32,21,16.41,30
2025-04-17T00:27:32,20,16.41,30
2025-04-17T00:27:32,19,16.41,30
2025-04-17T00:27:32,18,16.41,30
2025-04-17T00:27:33,19,16.41,30
2025-04-17T00:27:33,20,16.41,30
2025-04-17T00:27:33,33,16.41,30
2025-04-17T00:27:33,22,16.41,30
2025-04-17T00:27:34,18,16.41,30
2025-04-17T00:27:34,20,16.41,30
2025-04-17T00:27:34,19,16.41,30
2025-04-17T00:27:34,31,16.41,30
2025-04-17T00:27:35,28,16.41,30
2025-04-17T00:27:35,18,16.41,30
2025-04-17T00:27:35,22,16.41,30
2025-04-17T00:27:35,20,16.41,30
2025-04-17T00:27:36,18,16.41,30
2025-04-17T00:27:36,22,16.41,30
2025-04-17T00:27:36,20,16.41,30
2025-04-17T00:27:36,21,16.41,30
2025-04-17T00:27:37,26,16.41,30
2025-04-17T00:27:37,18,16.41,30
2025-04-17T00:27:37,22,16.41,30
2025-04-17T00:27:37,24,16.41,30
2025-04-17T00:27:38,22,16.41,30
2025-04-17T00:27:38,20,16.41,30
2025-04-17T00:27:38,21,16.41,30
2025-04-17T00:27:38,20,16.41,30
2025-04-17T00:27:38,18,16.41,30
2025-04-17T00:27:39,22,16.41,30
2025-04-17T00:27:39,26,16.41,30
2025-04-17T00:27:39,22,16.41,30
2025-04-17T00:27:39,22,16.41,30
2025-04-17T00:27:40,26,16.41,30
2025-04-17T00:27:40,20,16.41,30
2025-04-17T00:27:40,22,16.41,30
2025-04-17T00:27:40,21,16.41,30
2025-04-17T00:27:41,33,16.41,30
2025-04-17T00:27:41,26,16.41,30
2025-04-17T00:27:41,19,16.41,30
2025-04-17T00:27:41,31,16.41,30
2025-04-17T00:27:42,19,16.41,30
2025-04-17T00:27:42,22,16.41,30
2025-04-17T00:27:42,22,16.41,30
2025-04-17T00:27:42,18,16.41,30
2025-04-17T00:27:43,27,16.41,30
2025-04-17T00:27:43,33,16.41,30
2025-04-17T00:27:43,19,16.41,30
2025-04-17T00:27:43,23,16.41,30
2025-04-17T00:27:44,18,16.41,30
2025-04-17T00:27:44,21,16.41,30
2025-04-17T00:27:44,36,16.41,30
2025-04-17T00:27:44,22,16.41,30
2025-04-17T00:27:45,33,16.41,30
2025-04-17T00:27:45,19,16.41,30
2025-04-17T00:27:45,18,16.41,30
2025-04-17T00:27:45,18,16.41,30
2025-04-17T00:27:46,19,16.41,30
2025-04-17T00:27:46,22,16.41,30
2025-04-17T00:27:46,20,16.41,30
2025-04-17T00:27:46,18,16.41,30
2025-04-17T00:27:47,29,16.41,30
2025-04-17T00:27:47,21,16.41,30
2025-04-17T00:27:47,22,16.41,30
2025-04-17T00:27:47,18,16.41,30
2025-04-17T00:27:48,21,16.41,30
2025-04-17T00:27:48,22,16.41,30
2025-04-17T00:27:48,18,16.41,30
2025-04-17T00:27:48,20,16.41,30
2025-04-17T00:27:49,20,16.41,30
2025-04-17T00:27:49,34,16.41,30
2025-04-17T00:27:49,18,16.41,30
2025-04-17T00:27:49,0,16.41,30
2025-04-17T00:27:50,0,16.41,30
2025-04-17T00:27:50,0,16.41,30
2025-04-17T00:27:50,22,16.41,30
2025-04-17T00:27:50,19,16.41,30
2025-04-17T00:27:51,32,16.41,30
2025-04-17T00:27:51,18,16.41,30
2025-04-17T00:27:51,31,16.41,30
2025-04-17T00:27:51,21,16.41,30
2025-04-17T00:27:52,18,16.41,30
2025-04-17T00:27:52,35,16.41,30
2025-04-17T00:27:52,22,16.41,30
2025-04-17T00:27:52,31,16.41,30
2025-04-17T00:27:53,22,16.41,30
2025-04-17T00:27:53,19,16.41,30
2025-04-17T00:27:53,33,16.41,30
2025-04-17T00:27:53,20,16.41,30
2025-04-17T00:27:54,20,16.41,30
2025-04-17T00:27:54,22,16.41,30
2025-04-17T00:27:54,26,16.41,30
2025-04-17T00:27:54,19,16.41,30
2025-04-17T00:27:54,18,16.41,30
2025-04-17T00:27:55,24,16.41,30
2025-04-17T00:27:55,18,16.41,30
2025-04-17T00:27:55,34,16.41,30
2025-04-17T00:27:55,22,16.41,30
2025-04-17T00:27:56,19,16.41,30
2025-04-17T00:27:56,22,16.41,30
2025-04-17T00:27:56,20,16.41,30
2025-04-17T00:27:56,19,16.41,30
2025-04-17T00:27:57,35,16.41,30
2025-04-17T00:27:57,19,16.41,30
2025-04-17T00:27:57,20,16.41,30
2025-04-17T00:27:57,22,16.41,30
2025-04-17T00:27:58,19,16.41,30
2025-04-17T00:27:58,22,16.41,30
2025-04-17T00:27:58,19,16.41,30
2025-04-17T00:27:58,21,16.41,30
2025-04-17T00:27:59,18,16.41,30
2025-04-17T00:27:59,18,16.41,30
2025-04-17T00:27:59,24,16.41,30
2025-04-17T00:27:59,18,16.41,30
2025-04-17T00:28:00,18,16.41,30
2025-04-17T00:28:00,18,16.41,30
2025-04-17T00:28:00,21,16.41,30
2025-04-17T00:28:00,29,16.41,30
2025-04-17T00:28:01,22,16.41,30
2025-04-17T00:28:01,21,16.41,30
2025-04-17T00:28:01,21,16.41,30
2025-04-17T00:28:01,21,16.41,30
2025-04-17T00:28:02,18,16.41,30
2025-04-17T00:28:02,20,16.41,30
2025-04-17T00:28:02,19,16.41,30
2025-04-17T00:28:02,25,16.41,30
2025-04-17T00:28:03,21,16.41,30
2025-04-17T00:28:03,19,16.41,30
2025-04-17T00:28:03,35,16.41,30
2025-04-17T00:28:03,18,16.41,30
2025-04-17T00:28:04,27,16.41,30
2025-04-17T00:28:04,18,16.41,30
2025-04-17T00:28:04,22,16.41,30
2025-04-17T00:28:04,23,16.41,30
2025-04-17T00:28:05,18,16.41,30
2025-04-17T00:28:05,21,16.41,30
2025-04-17T00:28:05,18,16.41,30
2025-04-17T00:28:05,22,16.41,30
2025-04-17T00:28:06,18,16.41,30
2025-04-17T00:28:06,20,16.41,30
2025-04-17T00:28:06,21,16.41,30
2025-04-17T00:28:06,18,16.41,30
2025-04-17T00:28:07,15,16.41,30
2025-04-17T00:28:07,22,16.41,30
2025-04-17T00:28:07,18,16.41,30
2025-04-17T00:28:07,31,16.41,30
2025-04-17T00:28:08,18,16.41,30
2025-04-17T00:28:08,27,16.41,30
2025-04-17T00:28:08,18,16.41,30
2025-04-17T00:28:08,18,16.41,30
2025-04-17T00:28:09,30,16.41,30
2025-04-17T00:28:09,24,16.41,30
2025-04-17T00:28:09,20,16.41,30
2025-04-17T00:28:09,24,16.41,30
2025-04-17T00:28:10,20,16.41,30
2025-04-17T00:28:10,32,16.41,30
2025-04-17T00:28:10,18,16.41,30
2025-04-17T00:28:10,27,16.41,30
2025-04-17T00:28:11,19,16.41,30
2025-04-17T00:28:11,18,16.41,30
2025-04-17T00:28:11,20,16.41,30
2025-04-17T00:28:11,23,16.41,30
2025-04-17T00:28:12,19,16.41,30
2025-04-17T00:28:12,19,16.41,30
2025-04-17T00:28:12,18,16.41,30
2025-04-17T00:28:12,19,16.41,30
2025-04-17T00:28:13,20,16.41,30
2025-04-17T00:28:13,18,16.41,30
2025-04-17T00:28:13,20,16.41,30
2025-04-17T00:28:13,27,16.41,30
2025-04-17T00:28:14,33,16.41,30
2025-04-17T00:28:14,22,16.41,30
2025-04-17T00:28:14,20,16.41,30
2025-04-17T00:28:14,18,16.41,30
2025-04-17T00:28:15,19,16.41,30
2025-04-17T00:28:15,32,16.41,30
2025-04-17T00:28:15,19,16.41,30
2025-04-17T00:28:15,22,16.41,30
2025-04-17T00:28:16,18,16.41,30
2025-04-17T00:28:16,20,16.41,30
2025-04-17T00:28:16,18,16.41,30
2025-04-17T00:28:16,21,16.41,30
2025-04-17T00:28:17,33,16.41,30
2025-04-17T00:28:17,18,16.41,30
2025-04-17T00:28:17,30,16.41,30
2025-04-17T00:28:17,19,16.41,30
2025-04-17T00:28:18,31,16.41,30
2025-04-17T00:28:18,22,16.41,30
2025-04-17T00:28:18,18,16.41,30
2025-04-17T00:28:18,18,16.41,30
2025-04-17T00:28:19,19,16.41,30
2025-04-17T00:28:19,18,16.41,30
2025-04-17T00:28:19,25,16.41,30
2025-04-17T00:28:19,31,16.41,30
2025-04-17T00:28:20,26,16.41,30
2025-04-17T00:28:20,18,16.41,30
2025-04-17T00:28:20,28,16.41,30
2025-04-17T00:28:20,20,16.41,30
2025-04-17T00:28:21,22,16.41,30
2025-04-17T00:28:21,19,16.41,30
2025-04-17T00:28:21,19,16.41,30
2025-04-17T00:28:21,29,16.41,30
2025-04-17T00:28:22,22,16.41,30
2025-04-17T00:28:22,30,16.41,30
2025-04-17T00:28:22,18,16.41,30
2025-04-17T00:28:22,22,16.41,30
2025-04-17T00:28:23,19,16.41,30
2025-04-17T00:28:23,20,16.41,30
2025-04-17T00:28:23,22,16.41,30
2025-04-17T00:28:23,33,16.41,30
2025-04-17T00:28:24,33,16.41,30
2025-04-17T00:28:24,19,16.41,30
2025-04-17T00:28:24,29,16.41,30
2025-04-17T00:28:24,18,16.41,30
2025-04-17T00:28:24,22,16.41,30
2025-04-17T00:28:25,34,16.41,30
2025-04-17T00:28:25,18,16.41,30
2025-04-17T00:28:25,26,16.41,30
2025-04-17T00:28:25,19,16.41,30
2025-04-17T00:28:26,18,16.41,30
2025-04-17T00:28:26,25,16.41,30
2025-04-17T00:28:26,20,16.41,30
2025-04-17T00:28:26,20,16.41,30
2025-04-17T00:28:27,23,16.41,30
2025-04-17T00:28:27,31,16.41,30
2025-04-17T00:28:27,22,16.41,30
2025-04-17T00:28:27,20,16.41,30
2025-04-17T00:28:28,20,16.41,30
2025-04-17T00:28:28,29,16.41,30
2025-04-17T00:28:28,22,16.41,30
2025-04-17T00:28:28,32,16.41,30
2025-04-17T00:28:29,32,16.41,30
2025-04-17T00:28:29,22,16.41,30
2025-04-17T00:28:29,23,16.41,30
2025-04-17T00:28:29,22,16.41,30
2025-04-17T00:28:30,18,16.41,30
2025-04-17T00:28:30,18,16.41,30
2025-04-17T00:28:30,33,16.41,30
2025-04-17T00:28:30,22,16.41,30
2025-04-17T00:28:31,28,16.41,30
2025-04-17T00:28:31,34,16.41,30
2025-04-17T00:28:31,18,16.41,30
2025-04-17T00:28:31,33,16.41,30
2025-04-17T00:28:32,22,16.41,30
2025-04-17T00:28:32,19,16.41,30
2025-04-17T00:28:32,31,16.41,30
2025-04-17T00:28:32,32,16.41,30
2025-04-17T00:28:33,23,16.41,30
2025-04-17T00:28:33,20,16.41,30
2025-04-17T00:28:33,22,16.41,30
2025-04-17T00:28:33,19,16.41,30
2025-04-17T00:28:34,18,16.41,30
2025-04-17T00:28:34,22,16.41,30
2025-04-17T00:28:34,25,16.41,30
2025-04-17T00:28:34,22,16.41,30
2025-04-17T00:28:35,29,16.41,30
2025-04-17T00:28:35,21,16.41,30
2025-04-17T00:28:35,18,16.41,30
2025-04-17T00:28:35,19,16.41,30
2025-04-17T00:28:36,22,16.41,30
2025-04-17T00:28:36,18,16.41,30
2025-04-17T00:28:36,32,16.41,30
2025-04-17T00:28:36,18,16.41,30
2025-04-17T00:28:36,32,16.41,30
2025-04-17T00:28:37,18,16.41,30
2025-04-17T00:28:37,22,16.41,30
2025-04-17T00:28:37,20,16.41,30
2025-04-17T00:28:37,18,16.41,30
2025-04-17T00:28:38,31,16.41,30
2025-04-17T00:28:38,18,16.41,30
2025-04-17T00:28:38,18,16.41,30
2025-04-17T00:28:38,22,16.41,30
2025-04-17T00:28:39,22,16.41,30
2025-04-17T00:28:39,33,16.41,30
2025-04-17T00:28:39,32,16.41,30
2025-04-17T00:28:39,21,16.41,30
2025-04-17T00:28:40,23,16.41,30
2025-04-17T00:28:40,33,16.41,30
2025-04-17T00:28:40,33,16.41,30
2025-04-17T00:28:40,23,16.41,30
2025-04-17T00:28:41,18,16.41,30
2025-04-17T00:28:41,22,16.41,30
2025-04-17T00:28:41,24,16.41,30
2025-04-17T00:28:41,27,16.41,30
2025-04-17T00:28:42,18,16.41,30
2025-04-17T00:28:42,26,16.41,30
2025-04-17T00:28:42,20,16.41,30
2025-04-17T00:28:42,22,16.41,30
2025-04-17T00:28:43,18,16.41,30
2025-04-17T00:28:43,18,16.41,30
2025-04-17T00:28:43,22,16.41,30
2025-04-17T00:28:43,19,16.41,30
2025-04-17T00:28:44,22,16.41,30
2025-04-17T00:28:44,18,16.41,30
2025-04-17T00:28:44,19,16.41,30
2025-04-17T00:28:44,18,16.41,30
2025-04-17T00:28:45,19,16.41,30
2025-04-17T00:28:45,22,16.41,30
2025-04-17T00:28:45,27,16.41,30
2025-04-17T00:28:45,19,16.41,30
2025-04-17T00:28:46,19,16.41,30
2025-04-17T00:28:46,18,16.41,30
2025-04-17T00:28:46,18,16.41,30
2025-04-17T00:28:46,19,16.41,30
2025-04-17T00:28:47,22,16.41,30
2025-04-17T00:28:47,18,16.41,30
2025-04-17T00:28:47,27,16.41,30
2025-04-17T00:28:47,25,16.41,30
2025-04-17T00:28:48,21,16.41,30
2025-04-17T00:28:48,18,16.41,30
